<application>
  <component name="GeneralSettings">
    <option name="confirmExit" value="false" />
    <option name="confirmOpenNewProject2" value="0" />
    <option name="showTipsOnStartup" value="false" />
  </component>
  <component name="Registry">
    <entry key="ide.firstStartup" value="false" />
    <entry key="ide.require.transaction.for.model.changes" value="false" />
    <entry key="search.everywhere.pattern.checking" value="false" />
    <entry key="ide.mac.file.chooser.native" value="false" />
    <entry key="actionSystem.fix.alt.gr" value="false" />
    <entry key="ide.tree.horizontal.default.autoscrolling" value="false" />
  </component>
</application>