<keymap version="1" name="Mac OS X 10.5+ _fixed" parent="Mac OS X 10.5+">
  <action id="AutoIndentLines">
    <keyboard-shortcut first-keystroke="ctrl i" />
  </action>
  <action id="CodeCompletion">
    <keyboard-shortcut first-keystroke="ctrl r" />
  </action>
  <action id="CompareTwoFiles" />
  <action id="Debug" />
  <action id="Diff.ShowDiff" />
  <action id="EditorBackSpace">
    <keyboard-shortcut first-keystroke="back_space" />
    <keyboard-shortcut first-keystroke="shift back_space" />
    <keyboard-shortcut first-keystroke="ctrl h" />
  </action>
  <action id="EditorCutLineEnd" />
  <action id="EditorDelete">
    <keyboard-shortcut first-keystroke="ctrl d" />
  </action>
  <action id="EditorDeleteToLineEnd">
    <keyboard-shortcut first-keystroke="ctrl k" />
  </action>
  <action id="EditorDown">
    <keyboard-shortcut first-keystroke="down" />
    <keyboard-shortcut first-keystroke="ctrl n" />
  </action>
  <action id="EditorDuplicate" />
  <action id="EditorUp">
    <keyboard-shortcut first-keystroke="up" />
    <keyboard-shortcut first-keystroke="ctrl p" />
  </action>
  <action id="FileChooser.GotoDesktop" />
  <action id="FindInPath" />
  <action id="GotoClass">
    <keyboard-shortcut first-keystroke="shift meta t" />
  </action>
  <action id="GotoDeclaration">
    <keyboard-shortcut first-keystroke="meta b" />
    <keyboard-shortcut first-keystroke="f3" />
  </action>
  <action id="GotoFile">
    <keyboard-shortcut first-keystroke="shift meta f" />
  </action>
  <action id="GotoTest" />
  <action id="Images.ShowThumbnails" />
  <action id="ImplementMethods" />
  <action id="MoveLineDown" />
  <action id="MoveLineUp" />
  <action id="Run" />
  <action id="SendEOF" />
  <action id="ShelvedChanges.Diff" />
  <action id="SwitchApply">
    <keyboard-shortcut first-keystroke="ctrl alt enter" />
  </action>
  <action id="SwitchDown">
    <keyboard-shortcut first-keystroke="ctrl alt down" />
  </action>
  <action id="SwitchLeft">
    <keyboard-shortcut first-keystroke="ctrl alt left" />
  </action>
  <action id="SwitchRight">
    <keyboard-shortcut first-keystroke="ctrl alt right" />
  </action>
  <action id="SwitchUp">
    <keyboard-shortcut first-keystroke="ctrl alt up" />
  </action>
  <action id="ToggleBookmark" />
  <action id="ToggleFullScreen" />
  <action id="TypeHierarchy" />
  <action id="openAssertEqualsDiff" />
</keymap>